0.749432124137772,0.722791168777729,0.7774525922677906,0.7511481999144225,0.7980300149160912,0.8341579568474392,0.6683128334619656,0.7454496664913339,0.7740078290662437,0.7090232120588166,0.7234440113674035,0.7500262873263456,0.6847072907976807,0.7301269271363492,0.7051290306282509,0.6978933172416618,0.7128837089501151,0.5669247267697356
0.7516782330742052,0.7580998991959601,0.7093685457189799,0.752714737505201,0.883781868065835,0.8827187567330407,0.8186104631070954,0.8085606459094467,0.8016804076883742,0.7402280195107078,0.7670786526492314,0.760875642156354,0.660874951654152,0.7720047802271113,0.7148319264173418,0.7398430258079224,0.7110535056525618,0.6143684115584315
0.7090294166212033,0.705039361862222,0.7229133619344429,0.7671102216314031,0.8250118080840263,0.8297024574232729,0.7911611559755855,0.7857830730699852,0.7298873101083796,0.7016374873930843,0.6620732947463476,0.674947949650288,0.6155582985909828,0.670735711876428,0.7514487493413209,0.76842055889054,0.6755235208363279,0.7346638249222913
0.76315441876579,0.7670481114787173,0.8166411756486736,0.8076580314792735,0.8777393560654166,0.8632802272347248,0.8448084969527936,0.8444730866695339,0.8158725291156809,0.7669134091173402,0.7363620496762926,0.7560229222277605,0.6327101572215413,0.7675017085664223,0.7505543489294499,0.7485316491921176,0.7282073870852349,0.7122966780902926
0.7182592820488801,0.7968016337676195,0.8045074646083257,0.8010252820735282,0.880627932017097,0.9009816474134048,0.8126498068035662,0.7910612586996334,0.6963715242332237,0.6910586303702374,0.7581161458161528,0.7936407767039095,0.7445369118296492,0.7937461922540711,0.664144267229415,0.5631422113402402,0.6593073361555909,0.5268612812351353
0.7082674496108039,0.7310241369489413,0.7136804086659277,0.7472867382265677,0.856902778621958,0.8667108477628576,0.7904345966805719,0.7742364274765431,0.7418305747542308,0.7330649780407256,0.6625098774546815,0.7379512773006547,0.6753884021434821,0.7472555040393688,0.7824493851863642,0.7582391599791548,0.7542802121739424,0.7257859862817044
0.7230296770736956,0.7177157161793652,0.7439596075884047,0.765172867038315,0.820544189607619,0.8348607351573376,0.7630719181266445,0.7786262155269154,0.6465359812578942,0.6717527178436208,0.6791987713230166,0.7231493301966467,0.6562267135280438,0.7158487283121212,0.6896785491939759,0.7165224888078341,0.6090926097602539,0.7103974707530831
0.5874714865561624,0.6664840044169327,0.6859366972515103,0.7063479712746189,0.8163235751770429,0.8117986364014099,0.7163999029449265,0.6866267123343986,0.6560281552525985,0.6532056809329205,0.6649426244297372,0.7260317475686423,0.6678893410203957,0.740123871223127,0.7504059663484836,0.7880938184169365,0.7394636581875308,0.7572235121220979
0.728112881348538,0.7731254114473703,0.7250593696151868,0.7731821563512461,0.8227695909152337,0.8294095378312579,0.7458115021266281,0.8022561121514111,0.7798602374865137,0.7204377896262462,0.7178120131916036,0.7565509900314246,0.6526129554926656,0.7466910135192538,0.6649461164611941,0.5299790458027988,0.5754697686184848,0.6158465024159884
0.656640846410761,0.714683007905995,0.7074796633345052,0.7405258444000342,0.7676674302147193,0.7702242314120268,0.6531973412877127,0.7383507427688928,0.5992942301389799,0.7059342661987885,0.6572469737914989,0.7300436790689943,0.6988693763671742,0.7450975615755467,0.5858856218371724,0.6445465486939767,0.6938492832852825,0.6617351317491021
0.7134236257532165,0.7092063422917937,0.7435146257955919,0.7385325276084135,0.7745411855997207,0.8072652566462257,0.7214212635838347,0.7303899500159764,0.6456300032197854,0.6832107873459615,0.6655968036477434,0.6297210858636179,0.6566159574387463,0.6727593908521712,0.6915089054919719,0.7008584979378437,0.6968122862097146,0.7041155877398725
0.7161913873925831,0.7364151629953307,0.7170473825226028,0.76946640284072,0.8625126982171861,0.8559582335095706,0.8108584637008721,0.8131250460944424,0.7642916410163032,0.7514643301947438,0.6577833728153868,0.7526810661123857,0.6688140341972201,0.7479968108225586,0.6490156248413278,0.6912801938056999,0.6008230631225202,0.6976669205654824
0.7415945833349592,0.8123132691487355,0.7895443877231324,0.8066182658404872,0.8153487642396801,0.834052281441562,0.7437671284885514,0.7552357643104693,0.7309046316703146,0.6549259680369314,0.6657293394421554,0.7706966071557465,0.6875508219627235,0.7659790186941565,0.599382393076696,0.4901199729570906,0.5882449744555207,0.6099324930886505
0.7827417193066867,0.8297211156749672,0.8291443031554149,0.82792655571153,0.8365457754414328,0.8560158210582824,0.7366864752991948,0.7354587281244501,0.7742415182234433,0.7493966541773749,0.6736510878510741,0.6926863561025914,0.6379959004071666,0.6838136264100437,0.6191241729300346,0.48027203487363596,0.6561480126740175,0.6067870614321805
0.7644920088628139,0.796751369501142,0.7721739559832841,0.7826681778985631,0.8148611752041238,0.8113300693408568,0.7472146496935999,0.7530228790537054,0.6821884833109945,0.6058073399232674,0.6697936185407962,0.7225023278800369,0.6964919800238517,0.7376666028423432,0.7130345681784555,0.5835236788020405,0.6572330083981782,0.6929142787037228
0.7900387011673745,0.743577897781635,0.7346075434207712,0.7847589924082481,0.8700204211686037,0.8633281687069738,0.7084564290955463,0.7092565607159038,0.5963696752539693,0.6465282013743013,0.6295269343912944,0.6877007454097531,0.6459778349310072,0.707809150660398,0.6862779473098825,0.6956492305958836,0.6567158308576154,0.6127846059152201
0.7150737229458984,0.7273394105533031,0.7362457413194455,0.7221438574271596,0.8206679784544346,0.8141261688841679,0.6952614987901105,0.7459505370498513,0.6281054981418542,0.671836257552403,0.6602730810147163,0.7356501434610506,0.718233832283388,0.7343555784313444,0.713422292427476,0.6877273057392436,0.7070612871446661,0.5988316755926476
0.7527535225636774,0.7522625810554028,0.7866696319108977,0.7858810800583531,0.8362227086428984,0.8668821556499066,0.7966568525323483,0.8133058670254388,0.6960227046558423,0.6927499290029943,0.6664577626091802,0.7195414722767631,0.6800250159172249,0.7168079870138678,0.7845355305934868,0.796972606728672,0.7622960609410496,0.6690938737005365
0.6675909023343772,0.7144192448428761,0.7201989019117453,0.7254921004651994,0.8319706903287459,0.8545516190960227,0.794833311643678,0.8204006613310502,0.7541239874191777,0.7288901791479092,0.6856081012540289,0.7450060317439077,0.6942951804330528,0.7356178980589375,0.7910167317318662,0.7645303163929992,0.7624976328297746,0.6781076552326709
0.6385524163683834,0.6704339139782197,0.6939735041715672,0.6573556976859191,0.8157945664410784,0.8268301690519971,0.7200819050478611,0.7684690018736804,0.7125874195672098,0.7271574593496973,0.6631764582331919,0.7353848272982028,0.6885089911712509,0.732515868555886,0.6866161057179441,0.6852445277084507,0.5350561475948701,0.6393363213036132
0.7412352886939884,0.7649144697496361,0.7954244621212442,0.7702357476985182,0.836028434120636,0.8460485119100755,0.7682099685929599,0.8136976114719405,0.7531553606968199,0.7146673388957111,0.631596947599406,0.7019376369269037,0.6612811287702297,0.7092223228313554,0.6119604772208923,0.6125772659801177,0.5711729486120088,0.641984199444378
0.7479645832937457,0.7132124904800313,0.7223765511015628,0.740652442934893,0.8899644139425206,0.8970323139303051,0.8238645542866689,0.8473652287280524,0.7465766368996568,0.7655741158659176,0.6132617657064104,0.7301597156170997,0.7012477766113793,0.7431231591566019,0.6849006117411246,0.680213438354365,0.6486271354692191,0.5374830435681995
0.7118433484489541,0.6931900955019588,0.7132318482957242,0.709107074147501,0.9108891950183621,0.9136134371025069,0.8348866641834419,0.834595209211059,0.8117176231701309,0.7980843642084077,0.7071552337524954,0.7658778855872486,0.6776454628798322,0.7556565891330421,0.7852404887580212,0.7726518434545242,0.6870516404404233,0.7551396405876275
0.7519036045514377,0.7370015298444293,0.7679534506102,0.7610643253227077,0.8576402857841309,0.8644504366495788,0.7157211805170761,0.7400620246208175,0.5602852824057938,0.653880606691759,0.656759273976254,0.7360066458338576,0.6852325669686321,0.7279561915489401,0.8258066816800248,0.8249013306522811,0.8167695812523159,0.8323483615082591
0.6808527213500114,0.762206860588101,0.7044733937439006,0.7566810595726889,0.9234784381403459,0.9251879648196386,0.7505894898664142,0.7691942900824468,0.5194310284681015,0.67069009256089,0.6628898382343047,0.7538795315767755,0.678565259803617,0.7482179851148398,0.6981418267144117,0.6786662175793134,0.6261613163175758,0.5045417012934027
0.7856818370431231,0.7847180851604284,0.7720394286936826,0.8145211242150601,0.9108860216700411,0.91217182271319,0.8394004161192336,0.8732000817108875,0.7805862735285015,0.777758417896227,0.6451297330541875,0.7271564722161403,0.6603867271748672,0.7190408117928021,0.7880382460290939,0.776455519090109,0.6910013104816478,0.7187609556059132
0.8043163290739462,0.775065973708409,0.7438666610707624,0.7708925095226631,0.80699106699127,0.8346967050063313,0.7674508385044833,0.8314400961973383,0.794139300413608,0.7401806258472782,0.6352625018566719,0.7443412347095029,0.6373705520937989,0.7368853378331613,0.675921724339709,0.6627300462540041,0.6148481855836266,0.503493455800267
0.7605000257632963,0.7168891000910328,0.7531137883834673,0.7811471788655241,0.8545203737048346,0.8537511296412164,0.8370474369585789,0.8084080855561767,0.7866662349949136,0.7696134036098746,0.6600200866458316,0.7233953274427721,0.6146852638006849,0.7257438781299276,0.6613205207084817,0.6986856675704715,0.5103305957658185,0.6852456949322585
0.7389147729954316,0.7280924798790842,0.7435132890478379,0.7779581881738976,0.8409950708482943,0.8875489900680315,0.8622630794131775,0.8725173924249745,0.779973117394818,0.7836046180169557,0.6632474218181612,0.7489003050320342,0.6524095996311976,0.7423161938404337,0.6315279180520049,0.5215197836744836,0.6237501271970803,0.5628388409822783
0.7764833517051106,0.8291097934166797,0.8456700476987203,0.8515120477616546,0.9178550566337217,0.9288590649593508,0.8009832340768986,0.8293860038454185,0.7478681549572005,0.7321366384156446,0.6509131647631078,0.7504633243379755,0.6541065979340218,0.7390059088452515,0.7014062727898502,0.5169255408124379,0.7052750863639509,0.6339725910696834
0.7318604938852579,0.7442862985944375,0.6986882799249203,0.7601053634625536,0.8794581257413484,0.9075807537707455,0.8281096849036419,0.8584720474393702,0.7476842981360786,0.782448015046223,0.6816925574633655,0.7755755650963129,0.6862003586861966,0.7820809379455259,0.6601063332504288,0.6195523405642168,0.6722425824672218,0.5558427120909615
0.6718232811151658,0.7720246328367607,0.7922114698943684,0.7910682259781908,0.9139593661526045,0.9188196573088919,0.7590066409284342,0.7505119792175048,0.6398570559222114,0.5908357718892794,0.6689130878529039,0.7587225726490389,0.6685979901651987,0.7564781294436242,0.7192431817664106,0.7278557538641465,0.7083020452028674,0.7557256966783704
0.7485821096057516,0.708421242178335,0.7615274665613804,0.7365246931653365,0.8081466997986495,0.8218871930045412,0.8093555195728054,0.8052588745424676,0.7800328673604658,0.727640213718602,0.7197242106504568,0.7706399035085507,0.6776472457865514,0.7628063424472095,0.6507005459035345,0.6440182136846647,0.6303678748619176,0.534058579902683
0.8097069740737316,0.7927063822912648,0.8302846659341548,0.8014154754526556,0.8412109213558842,0.8450166735668558,0.7387648318188224,0.7850654696092064,0.7600159364991629,0.7114611982030684,0.6927602729987715,0.7384601204963936,0.6729430452664241,0.7401604979058334,0.5737028165194596,0.6327502506143431,0.6568460541289404,0.6428583175450733
0.7985777353779852,0.798542066600071,0.8037477550864275,0.7678082078775965,0.7980047248092917,0.8073523548499395,0.6752323865489602,0.7815306436848215,0.7703455041545659,0.7554709279240167,0.6969882960749064,0.6632703821715927,0.6462717541800563,0.6744754234477859,0.6135534917608898,0.4770415074581593,0.5178749571695517,0.5823012372003866
0.761256775011078,0.801661867783399,0.7795885752448592,0.7920978553095287,0.9368641067349915,0.9367920991641298,0.9138047292132327,0.9157764730765878,0.7878390639368846,0.7823995061897374,0.6459316555266683,0.7152701231470472,0.6545461075948719,0.7050384024883591,0.6427254389963601,0.5296209574989468,0.6215556800097888,0.5840429882739001
0.7536964553810964,0.7247001470272533,0.77151455254993,0.7931072465447916,0.8513418017289097,0.8130594586495233,0.7870455973097522,0.7994648862474572,0.72139433590264,0.6986078182286803,0.6350703138435428,0.7145640327982089,0.6999167056113159,0.7388702537473071,0.6284940606241688,0.49776276129525326,0.6363027063513891,0.4947116343430203
0.739236117632308,0.7785909691713675,0.7562924658203715,0.7597879567883674,0.9058668196563827,0.9106463659645844,0.8663204658921183,0.8738620419776219,0.7625829384849219,0.7659292985957368,0.6559303572080987,0.7267437252908105,0.7039790257212646,0.743411836071146,0.6928301070846623,0.6654242057453724,0.6380040435768927,0.7016287061730956
0.7179415622500649,0.7604926464844802,0.7502065062658149,0.7863757386883781,0.8555993773100167,0.8357201771733599,0.743879642980582,0.7673699998456295,0.5747202880117145,0.681944570243585,0.6664987609623599,0.7427836247959915,0.669967834446851,0.7406124926701017,0.6474328204574447,0.46305337019289733,0.6010753105130485,0.611604354919181
0.676169966184947,0.8072315035679892,0.8127725297742673,0.7875264659313878,0.7646202801232586,0.7962840777238847,0.7966115039295211,0.8259998284675052,0.7593829255621672,0.7220594155732815,0.7324073698699083,0.787558835092307,0.6992146422666331,0.7745721610833586,0.6554549580138788,0.5101198467619896,0.6567099876929534,0.5653592810681061
0.754792399054233,0.7301959584455261,0.7758277815828315,0.7491628247993583,0.8245038656312168,0.8362132299535915,0.6484728874608697,0.7124291497522917,0.6859254810842326,0.6637438400753668,0.6467696024030379,0.7334941895034423,0.6823310219213248,0.732961719321844,0.6753269941263299,0.7027331988252742,0.6323962529861475,0.7156549031609224
0.6511512662197112,0.7610823216299281,0.7388149427817835,0.7770998635058272,0.7960843169107966,0.8176038344713844,0.7391964350417904,0.826477153214249,0.7895893152028451,0.761852599391922,0.6348495111610744,0.7313636599638172,0.6131672327783848,0.729489963530408,0.6568963895213349,0.6844473473628901,0.6726479817843422,0.5664753869811897
0.7146106176542215,0.7609527064806066,0.7760079179204756,0.7558738227215169,0.8752035072380521,0.8856529316059168,0.8128679134033385,0.8169588543185093,0.705670947300634,0.6803476521218822,0.6796377132527058,0.7131631664084899,0.6802611711470964,0.7159608111017582,0.6811507597960197,0.679496670300111,0.687527008036867,0.6527566452003778
0.7066695956640622,0.7557439659228673,0.7888941415352971,0.7771577240536566,0.8988219138085435,0.8880818026775711,0.7083666241708072,0.7054823141400363,0.7090790903021759,0.6309230060633589,0.6599567390867519,0.7185658417137581,0.6586219556519951,0.7148015277775034,0.6631711236967415,0.6492816244765135,0.6996617813586351,0.610563204672279
0.8184857583358683,0.7966363351397375,0.8196902270387438,0.8276847754759822,0.8818321521306194,0.8763826827330287,0.8653963637142681,0.8803898275793539,0.7949149367771393,0.7816965117402898,0.6638366630132323,0.7368905801033815,0.6896827658302312,0.7380780823009488,0.6568677138587554,0.6277087253123637,0.5919492203525465,0.5438451939942149
0.8563814105669234,0.8036667792138518,0.8532606549105082,0.8668259740715901,0.9068939828663547,0.9348408214316883,0.8958282623291143,0.9005229213030786,0.8213331583575827,0.8147392793184706,0.715111474078386,0.7714260854203564,0.7330128491568021,0.7825395087261297,0.6498436086186706,0.6600076020134221,0.6021809335211978,0.6670409216814263
0.7881078561289501,0.8212019183282161,0.8320723599391308,0.8369919847353081,0.8931505913575819,0.9107803257914795,0.8105104417147729,0.7969588797369758,0.7047833218893228,0.7339881551157279,0.6539043928655928,0.7418857394190325,0.6317429506459689,0.7400096238473272,0.6657041690027485,0.644864415740913,0.6358599599691708,0.6530393718793723
0.7256746068084482,0.7443468980665955,0.7889863631419803,0.7949059889330283,0.8888616243823968,0.8898781067815124,0.8456284945822318,0.848047600614791,0.7350206568475248,0.7497374149417642,0.6687317635731557,0.70849636483898,0.682275859911972,0.7102590068053211,0.700302047534226,0.6111214977565972,0.6450051382785792,0.6432537138421467
0.7205095669231371,0.7696895468135329,0.7584187371947945,0.7612924654507301,0.8528711950518186,0.8601558900275866,0.8059842150376954,0.781354056696145,0.7370736101642775,0.7506281966082734,0.6705397121571063,0.7322411687598258,0.686645718003903,0.7228904007496046,0.7113285027959764,0.6207883384813769,0.6471849012938252,0.6601465046385683
0.6834051881726371,0.7062159330308059,0.745567525433145,0.7451426927450487,0.9010504112616878,0.9026278357866885,0.7697091901423218,0.7299790534859065,0.592449338234463,0.6513287743550689,0.6291685487742735,0.7601361554571575,0.7031890645305934,0.7697709620610107,0.6967460606754571,0.7172694949493268,0.6462496794833238,0.7152217431948995
0.8301897903140394,0.7852813734310713,0.8134557036782054,0.8153354411842889,0.9117761163537247,0.9188072029957146,0.8692270898220866,0.8839845198596686,0.723253830560585,0.7412446731698922,0.6687879121848518,0.714257709533459,0.6883850573981004,0.7206256437560078,0.757983459878992,0.7414022029543763,0.7623038431643203,0.700802208263601
0.5545737259792782,0.6355204166549117,0.5784190420760886,0.6385534918093408,0.948745088867808,0.9495799691519541,0.6987505771166553,0.7160840752584011,0.6484274187378137,0.6342214726516113,0.6464759238181591,0.6946670619277467,0.651125125151216,0.702290614840635,0.7350106096528446,0.7081036355158331,0.7418077323904771,0.6953255030981151
0.8420958935537654,0.8643715579189221,0.8511482810359033,0.8550626998608019,0.9736031751222574,0.9793539412516408,0.853710554047255,0.8542260891112977,0.6692576067563253,0.6420404121742207,0.6704082463188831,0.7245650716343138,0.6616064923385534,0.7353287757200393,0.6770270431175983,0.6064789245799537,0.6881642689278978,0.644524588666418
0.7635343550126686,0.7474576144873466,0.717210227112835,0.7788351063371858,0.9272528479439722,0.9146980894317015,0.8394849787514773,0.8644941527963567,0.7265898740074227,0.7214272852024072,0.6641322521614041,0.7199962655554225,0.6504309228513092,0.7252072514784679,0.7042609662945098,0.6669621024324816,0.7186731349869948,0.620196798881365
0.8551779363688525,0.8470500259842232,0.8508173693784863,0.8481872922030967,0.9183919263073407,0.9110630548912776,0.7911751149401893,0.7983357913156626,0.7251226961125506,0.6901289116340138,0.6930365666849747,0.731171976073151,0.6689851382149962,0.7207795101188372,0.6531477049455098,0.6371461340419647,0.6224330093880627,0.6186330815790025
0.7045307909147566,0.741959495291519,0.7384346508101616,0.7283738133348456,0.9308746129671467,0.9376696737175981,0.8860431812547601,0.8834966814074378,0.7874443554244478,0.7474590270745738,0.6743045801328577,0.7404652165503137,0.6653647684224245,0.7471400836449801,0.6792336130411661,0.7125323818298125,0.7145973338631495,0.7083653351885763
0.7571134642589671,0.7077211719374804,0.7800234874820511,0.7731348990361404,0.9199454290082865,0.9097485566756118,0.867140706308474,0.8998928240705003,0.8038850920345375,0.8187398228909101,0.6823580050522318,0.7495323315964803,0.7023115133674409,0.7426369541719496,0.6899544707537988,0.48173744510811184,0.6952935057045586,0.582263602879921
0.7812674941759196,0.7373266704024918,0.7806576194233044,0.7778556110407372,0.7222869815910326,0.7167516692514707,0.712547731419543,0.7158751518263445,0.6765566236979667,0.5322137702729706,0.6944760993204167,0.7467537191224695,0.6683644704332194,0.7498042629136658,0.7177953631805248,0.6387004218674336,0.7182956989811701,0.6452228771019216
0.7779809312185244,0.7186758620882948,0.7665844554868463,0.7277464842811404,0.6873636657685469,0.6808618266467468,0.7986780093991074,0.7673959014306075,0.6828180631246953,0.6216942619043602,0.645080639573072,0.7359256808635078,0.6644236142877831,0.7380513144010009,0.6622464814073884,0.6768148708106914,0.5059986294063064,0.6705404323710242
0.7533326280438581,0.709405175945721,0.7659843886321416,0.7234069388549272,0.6385720868260193,0.6392476879299616,0.7871979615343188,0.6945776073446589,0.6390586037296151,0.6104792836057928,0.6800043080387682,0.7820831020751126,0.721884966295289,0.7765621227763136,0.6528438663409314,0.6476059357950171,0.5293854283225684,0.5995356766835408
0.7191598646827106,0.7568166000078057,0.7723542442350532,0.7765773807303695,0.9083546713475906,0.9171731361817361,0.8687532266266125,0.8865517820745262,0.799083385153143,0.7820536372001574,0.6704132217767839,0.7422214013456342,0.6753750684688965,0.744559299643781,0.7283910114618616,0.7036765208350539,0.711010330113814,0.7192571092189143
0.8336882045164389,0.8320565400604597,0.843278806471092,0.861153934418776,0.9579202315868045,0.9582905984187405,0.937195647335789,0.9409933596303568,0.8197677577607223,0.827124285504703,0.6756367082712426,0.7763273104716424,0.6989554580341509,0.7796764729145519,0.5966079134653607,0.6359010050318458,0.5684779246230048,0.6490782142578931
0.8110952417939084,0.7212762541552986,0.8029959342295174,0.789541832060193,0.7374321059179061,0.7468352990033789,0.5809792237413812,0.6556334768279656,0.6442100891036628,0.5992063026669955,0.6428352157568952,0.7299851497822201,0.6163086360130373,0.7359303515199457,0.6034407989722498,0.6002250110080958,0.5071408257972517,0.5355550747007097
0.7798240356078369,0.7682232808648047,0.8059340071240149,0.7999443346229288,0.9326326998267628,0.9344806915800167,0.8195632785482525,0.834458151463485,0.639591677116568,0.7110797432636738,0.6315432965758904,0.7291399597858357,0.6313055978040806,0.7247575654185717,0.5851083066272279,0.6240051525432314,0.47553815417591067,0.6089257329006296
0.8390017700413807,0.8060366305319114,0.8477372049047545,0.8469224697662732,0.732245644347986,0.746024684981657,0.6528395797429177,0.7309324278999499,0.6570628626207378,0.6523197053538247,0.6327740979862239,0.7328140236154623,0.6574087412934405,0.7368664657277769,0.6159230503585134,0.5854740358450351,0.6318107011311123,0.6151447610413481
0.7631732573399108,0.7504476948020148,0.7893022963353299,0.7250930704562958,0.7336815040891936,0.748774840422708,0.7760044236809653,0.765928718156191,0.6548602493996053,0.5931517469561126,0.61910024254614,0.7326232637548361,0.6594170926485959,0.7296918742655959,0.6010956547304304,0.5903500969901633,0.6073643167463879,0.5439052020316887
0.6895827150679773,0.6957161363308949,0.699334629948504,0.7008206210487948,0.8038541892348845,0.8045836986404297,0.7625939535208442,0.7433961177218142,0.686342307502075,0.6095542752104129,0.716056896494397,0.7665989686011759,0.7119574163258319,0.765693839466684,0.6208575199484666,0.6522083155410239,0.6101860685645213,0.5784231357281889
0.8100670435308951,0.8049182312761815,0.8650087697830747,0.8385086138172474,0.869538814289264,0.8951845592585158,0.8125899711287099,0.8243276510409144,0.7459623985730999,0.6671833963423813,0.7017120630312429,0.7812747673014643,0.718898672991649,0.7861892172738069,0.614343249144721,0.6330629060348173,0.6610900825634403,0.5221251806109379
0.7881695934879048,0.8036262448983621,0.8299200772316037,0.7968635594495185,0.8031133504354822,0.7769422833303303,0.7845442072523271,0.6420548902232136,0.7768589518430146,0.782078116795458,0.6717903326301333,0.732564508074191,0.6743954243893325,0.729033225023418,0.7048212411258805,0.5182021700445351,0.7062519687082549,0.6251341985727161
0.7414015268732802,0.7826158087501328,0.7815094877229467,0.7630337097775527,0.8168164282239462,0.8420041857859298,0.8051014729430485,0.7877670867096458,0.7767301682461736,0.7386984994162895,0.7426221560846941,0.7625769451974272,0.7298665709604362,0.7671307999576623,0.7452630352536254,0.7228889939950798,0.7350851657061416,0.6875982225793273
0.746354975992957,0.7557537129961567,0.7870765516608372,0.7655428982171063,0.8824874558513603,0.8899991689619174,0.857634162397667,0.8563732139365304,0.7776268715792946,0.7424290617951317,0.728136440072304,0.7754598243187898,0.7336227366527438,0.7797761269053459,0.7120406126327367,0.55415171822691,0.7006446182688263,0.6780497392308272
0.7963527975451624,0.8412312660051932,0.8366537534674023,0.8141698760163809,0.9247715082529432,0.9369737906207088,0.8311768571923691,0.8418557905953118,0.6680655758432023,0.7336805107640032,0.6393505532103553,0.7337873552656627,0.6296110355014094,0.7350493305550768,0.6636085385792051,0.6354139212112635,0.7024023210004368,0.6327222252316828
0.7494870205842932,0.7807550128220672,0.7696918434217971,0.7762257569033034,0.9199265636687107,0.9423606184013096,0.8465607820763851,0.8532280893389831,0.6183460006846548,0.7252027675967923,0.6610647868993592,0.746268137331009,0.6435613117827593,0.7441671914477336,0.5987996354174651,0.5775789101352378,0.5072183688315696,0.5375684008975704
0.769578657600098,0.7604641150336412,0.7787330834484033,0.7779032918721115,0.8544201347697972,0.8361431163701841,0.7474298444575497,0.731424029294263,0.5906359307968881,0.6800145256435165,0.5919124992250587,0.7479249230326261,0.6436866710438768,0.7426669016313828,0.6441176705183448,0.7206885385178677,0.7261940767746048,0.6576340528368965
0.7369855050744389,0.7268189771656152,0.7522636368820644,0.7236964463017301,0.8294487804673358,0.8308118492263962,0.6241585604105486,0.7385301082502217,0.6661989951890154,0.6396167639686526,0.6658671791489503,0.7305505377624398,0.6469283839423766,0.736196640394962,0.7278163852627731,0.6629895800654934,0.7318840922397315,0.6125204435987661
0.7576621804702749,0.7246017730348883,0.7820449552179052,0.7786986985315333,0.7848530772724409,0.7775610347412535,0.7319715146329354,0.7274625915777978,0.7454991423788497,0.7292951168325631,0.6558995466857066,0.7428745851449161,0.637207229249924,0.7343803659362819,0.6683239037018839,0.62555805395503,0.6028123265557088,0.6211721646709244
0.8147382761108514,0.773450816961319,0.8254699044179176,0.8198343531063087,0.6551344240687416,0.6530324474114967,0.7788006656960312,0.8120738641853366,0.6542420076686707,0.6047854311162825,0.6803158971308556,0.7533697906034414,0.6633814056739046,0.7541098915528722,0.656198497692921,0.56276845893713,0.6709338879240258,0.49230105658687834
0.7380742707780796,0.740708083085461,0.7528108881760883,0.7356199659372301,0.835995022971928,0.8353458191829527,0.7473724347229377,0.75976557593249,0.7519196490082596,0.6901362573123452,0.6279679489822835,0.7327419333260399,0.6335426879675592,0.7317973454190568,0.683092182455512,0.5395352306675844,0.6941231142503402,0.577346333443113
0.8268786729467293,0.8144717350184335,0.8426745489715385,0.8418419267444993,0.9366400181126316,0.9459165550065696,0.7456956547534207,0.7468291520105205,0.5490874876479545,0.6231014871287631,0.6305346272686764,0.7073535975049854,0.5901548895572836,0.7024665179457473,0.6364047226978444,0.6076034613475993,0.6941433445515033,0.6595961405322353
0.7513035477494294,0.739087979508489,0.7865914535327124,0.7244327983203411,0.7283915562041102,0.7295672905167133,0.7473880956711808,0.7047187416267445,0.6571709531424619,0.6063272348603403,0.6371126228895206,0.7086362296601271,0.6507004368863728,0.7159400494987885,0.6636152359080172,0.6954912702446303,0.5524130130987678,0.6985243915679346
0.776735491232731,0.6511848364399807,0.760665928919483,0.7129907254171668,0.6742145285484774,0.5331215822007798,0.6473359092732,0.6118853565139544,0.7034615823557461,0.5763918246601899,0.6724706421745887,0.736726467765849,0.6909516949258867,0.7446520121251362,0.7246612563634626,0.5882847591923234,0.7333400950268878,0.6520317454436303
0.739663143353114,0.6207631669519875,0.7271889364206662,0.690161085646043,0.6632506466616612,0.5012648258598557,0.7722399410060459,0.6450518727028176,0.6894260921624736,0.7133425583314966,0.6638570945072667,0.7263389685633489,0.6415968051013664,0.7271360022618651,0.6584467825256558,0.6738361669548486,0.5344185871864605,0.618463514314069
0.7746841733256131,0.7317993305546837,0.7922092634216136,0.7666122191181328,0.6325148428010142,0.5792443243175703,0.7157916416147287,0.6118157100409456,0.6697541448372454,0.6156178567272521,0.6220329887464584,0.7408934778459203,0.5954816583215089,0.7434415001330329,0.584737205813899,0.5348893858175199,0.5465469699849406,0.6175438373791248
0.7930536932669571,0.8260504828287155,0.8160243218441857,0.8231053761417172,0.8691881992816365,0.8444832379758801,0.7218520502560413,0.7005524135959164,0.6533299520350453,0.6390890503728337,0.643843449456648,0.7494479092619132,0.6543272804765023,0.7501543721089936,0.7966916329512953,0.7756996388866105,0.7753583950193662,0.6577200165734935
0.7329218420054828,0.7340174638283674,0.7324454892085533,0.7468682019521363,0.7026773653496647,0.7099498978832077,0.5949043221359048,0.49849856668961,0.6028925800452066,0.5909407950773509,0.6969157061669781,0.7169259672845328,0.6853039692388325,0.7264303760467078,0.7785875594050978,0.7253356267890724,0.7643845295118624,0.6843195584861806
0.7806300677276418,0.7934455879392114,0.7851046134611118,0.8143666229199712,0.6556003803937633,0.6751314751939969,0.6045650637246569,0.4520055939912284,0.5718614785459498,0.6510866377288868,0.6683883578523014,0.7314138027319679,0.6830575400300317,0.7267362583364821,0.7235281220628788,0.5563615001201835,0.7147281554959989,0.6676500660639991
0.6999827102564563,0.7180047544986962,0.7108596668210686,0.7635648681056283,0.6962246481933395,0.6754733583148784,0.6608966364100962,0.6601675194351907,0.5409009297396125,0.6676219385968644,0.6958631001443117,0.7508043682337617,0.6771938986221464,0.7624122976022619,0.710294402459995,0.6945516260177659,0.7240989881975679,0.48910755838374315
0.8379677133975525,0.8696568120094826,0.8682625386963095,0.8784476254817258,0.6782119390191884,0.682036094224557,0.7405202841912736,0.6451183983462246,0.6675708519838309,0.6463149081767172,0.6047080880497627,0.6997033623976422,0.6117740120073236,0.6988624529819755,0.6583294241835396,0.6481854819853905,0.5162279757322571,0.5671162722425395
0.8130642644498353,0.7990931877205334,0.7960735914236082,0.8136250036597565,0.7689017203098626,0.7841245268978722,0.729739768413836,0.6603064861435765,0.7090674107098754,0.6409585824356668,0.6122961261352073,0.7088888863743112,0.6617567807499056,0.7119875949167406,0.6193003705486616,0.6376025557087138,0.516269309503806,0.6460910686935798
0.8079623626002798,0.7643345087503398,0.8055095002683826,0.7797143610284213,0.7743763486976531,0.7750539900683111,0.7126334386990272,0.7227474241161471,0.6610852078175392,0.6786040159500591,0.677088916804187,0.7325563492308188,0.6747350801705153,0.7308279798558047,0.6337388336220265,0.5859653588263862,0.5363794791449911,0.5980735725442524
0.7426274909113707,0.7124001887053112,0.7557803138840061,0.7045840570056358,0.8408765192349438,0.8328303104438337,0.7662626914893725,0.7621270698078924,0.6522579941958998,0.6764888606696148,0.6379718696837058,0.720094413045837,0.633852560172623,0.7319565100516581,0.6382504478913289,0.585031632724707,0.5506474603827197,0.5986051255563679
0.7402596744295923,0.7055190273341915,0.7585069606524985,0.7360598834763614,0.852910542520724,0.8506648441192656,0.7883952963354015,0.7831135305167775,0.6883839625229252,0.7126190805251299,0.695500968354631,0.7337328938456299,0.691829104162669,0.7356313974839147,0.5914001232811849,0.6758438742543312,0.5981565403506078,0.685537335052294
0.7450663950265796,0.6543045654414167,0.7525314494801396,0.7247437464071979,0.8566839476929967,0.8506916127612391,0.7757427187069935,0.7559761306796325,0.6775576720256491,0.7026494399297322,0.6749272198481644,0.7135869663228731,0.672821386476881,0.7126816994666161,0.6180558659574236,0.6266693724173957,0.5799246493834141,0.6278507161720528
0.7631585872998542,0.7927871331906623,0.8167853839199936,0.7580991039464204,0.943290693216245,0.941543739718116,0.7738175409760277,0.7911710251419493,0.7324067637032061,0.6219078343498817,0.6718060669541338,0.7392397632369573,0.6714573872879126,0.7461727542446962,0.5958902933906893,0.5873522740568714,0.4727090253174419,0.5950071961422388
0.8107364457134113,0.8270285130745275,0.8359001566947767,0.83410332651729,0.8909310747569027,0.8848720502821893,0.6625781662015543,0.6232092025743521,0.5842551768805935,0.641696939372495,0.6785686645584689,0.7609854411064999,0.679726204584976,0.7705120217588027,0.6771627925408356,0.6358422725283175,0.6604764832351472,0.6526109139766832
0.8231561783637525,0.8185031222795426,0.8063789960245606,0.8326147424697007,0.7171388766091101,0.7300370473605732,0.6654467931200214,0.6471404038039992,0.5703302942653012,0.6046308284022862,0.6098112971536143,0.7226854071863981,0.6586184465093271,0.7253641212609331,0.651619378667582,0.6166227052107681,0.5253149075824256,0.6412593409498771
0.7753350547160259,0.7252902627173028,0.79816894446621,0.8014862795604373,0.8347181221043226,0.8307424571052898,0.7007115204507173,0.6757561957576149,0.7000387584273549,0.546855534195993,0.5907490097745934,0.730216502175407,0.6016728664967638,0.7300518699156148,0.5978049846556168,0.5057208049927403,0.5357661330604909,0.5874457356799249
0.7576851602320646,0.7221371207965221,0.7819520804928975,0.7803613769581305,0.8117305030085379,0.8189857785517857,0.7007538916156548,0.5998645341559793,0.6613961214620461,0.7227365116933943,0.6989497279403749,0.6824995090120046,0.6705980302365525,0.6578250762542077,0.7654866886608778,0.6955510458507012,0.7576763324340229,0.7680097990803803
0.7299454291467259,0.6590263476253937,0.724983290486723,0.6752414304037465,0.7986524385523461,0.7856370643014211,0.6656635330456773,0.556428331182575,0.7301356372002972,0.7087022295658985,0.6028541523228715,0.7350160384713599,0.667302079820376,0.7430148251164429,0.7746538040791976,0.752842433323421,0.7481137903838645,0.7911315468054149
0.7780947526361571,0.7014645041966445,0.7689585401496455,0.7570203826990539,0.8020281371109631,0.783509689194287,0.6159809058156652,0.6772149707331335,0.6656970291626337,0.5520413718373033,0.6838124505792122,0.7431256908794911,0.6614229271144016,0.7423088283217748,0.7049658758404402,0.7166798852702062,0.5883762333088648,0.6441176430509826
0.7819215022812118,0.8001316076381011,0.8263441830725965,0.7827428237859779,0.921424270262064,0.916698784761357,0.7330303771581801,0.7580802788503482,0.7010243590682731,0.5708400653722386,0.6602364514004891,0.7231245934243415,0.6621006589350632,0.743558295101416,0.704328728201105,0.6863932241108718,0.6886948817346438,0.681149930367392
0.7352867001329931,0.7726860869081472,0.7542909821509499,0.7788345571657537,0.7321992240532169,0.7203082157473569,0.676277288717003,0.6353420316417915,0.6952991740589716,0.6090641913166871,0.5884973128069532,0.7466730435404406,0.6469026178646544,0.7409796933065088,0.8056967558522251,0.8209202425919506,0.8101597627218299,0.7523711448180387
0.7235217833049742,0.7434542998783767,0.7111934954976163,0.7312811010261172,0.830474780937635,0.8631879468552118,0.709592564180698,0.7099721979362101,0.6597602328659544,0.5874867734119585,0.697477375896128,0.7592580973878639,0.7271192423478475,0.765095035863988,0.6936734159694904,0.6705994705842458,0.7209893784780418,0.6423936192434058
0.8213798820883113,0.7923481027393309,0.8150478698398959,0.8304981168649118,0.91981435883657,0.9159224879493104,0.8555461223890233,0.8130985689626202,0.7875695691883177,0.7560548028290731,0.6561086121331928,0.7190370089056369,0.6380701107445738,0.7174494800938968,0.7359652627819077,0.7379560546712315,0.7369854139452235,0.7053039708952896
0.787513112450342,0.7828423422683946,0.7717484607593091,0.7870200608459391,0.7752754216537396,0.7621678280838876,0.6825658346545392,0.543739203755484,0.6943155942897768,0.5788694497889737,0.6407141572723655,0.7258553076952392,0.6419169716624012,0.7230742479027547,0.7555982577605035,0.7458451412112735,0.7528389169609161,0.7221455093469658
0.8371348368622326,0.8230454853411509,0.8092186247736652,0.8228952194268392,0.7936736945842805,0.7879243223958897,0.6595614500914727,0.5989236675767183,0.6909927165371172,0.6480149250604922,0.6123607776345412,0.7257740325704064,0.6403549998117671,0.7226154811663269,0.813863649616929,0.7435821218507092,0.7963666288396104,0.7188300522299532
0.8236788993606842,0.8065273402548891,0.8311424609786827,0.8258556654296952,0.7712026945274767,0.7714010256962814,0.5924893463284268,0.5776677351537576,0.5928594256170377,0.5847320721709585,0.627199260010733,0.7298957250933668,0.6052105486612128,0.7322359246439468,0.8497441539101936,0.8565237447083427,0.8570386260341527,0.8300092072269859
0.8220214228063282,0.7897772249046047,0.7972843749085937,0.7848944934709635,0.7718555902606491,0.7755411128637005,0.7063060176003346,0.6739674417106024,0.5816477117328204,0.6788143079178859,0.7406304612327443,0.7671329635755795,0.6884662032161858,0.7758249545589373,0.6743732502296312,0.6475363884615208,0.6779848103929358,0.5134210026468237
0.8121001956847466,0.8108979390939867,0.8348445183749441,0.8488686058987486,0.906485249851876,0.9013374480926418,0.7432265540717135,0.7861045147804329,0.7289339450841368,0.7127150099340325,0.6481668574268783,0.7083290158742203,0.5510536154959502,0.7078030053425312,0.5705621040800821,0.6868911620208321,0.6917615186384009,0.6949936556221675
0.800882580929104,0.7941393038918242,0.8117771879614551,0.820376157108066,0.808586553829075,0.807349037855258,0.6373818067499312,0.6069712304607301,0.5418306180886275,0.642376425102753,0.6428161845924576,0.7497018556965728,0.6726571427763067,0.7454453673327848,0.8742782139572155,0.8674515198139755,0.8586241140404893,0.8306699529448868
0.7828016348872827,0.7705390930750279,0.8212594457267547,0.8094035999554601,0.8000992066802204,0.8034234608585819,0.5924698168028001,0.6676675083421538,0.6093958108101015,0.6744565913652764,0.6225937453520853,0.7384949276317679,0.6077706959626893,0.7436557273013396,0.8590102015441512,0.8381856093629957,0.8552334330850555,0.8186832973615684
0.8029068466647966,0.7950523674414677,0.7992022206363097,0.6016104627661714,0.9394729867095323,0.9371142404749211,0.7437849483380171,0.7414426660619213,0.505642861275426,0.6219648906865363,0.6338878181199675,0.7123612495240182,0.6086309960680049,0.7169399560050902,0.8725164115387201,0.8493211826770622,0.8642192097823149,0.8679560845478186
0.7833094833095143,0.7618970413302222,0.7875386448191145,0.6513883463993952,0.9424982078849998,0.9370105151272026,0.8029569151565473,0.8033759882488075,0.581661532846194,0.6685005715705793,0.7074744999925202,0.7908331740580151,0.7113080119908016,0.780813686578818,0.7754213919830267,0.6933178268333545,0.7702910870554218,0.6267978476739047
0.7439907711367039,0.7350003400762243,0.7185944939673039,0.6554292481166379,0.8100154890435621,0.805948844469064,0.6827021168977551,0.640997762035977,0.5357317817173742,0.6478297431459838,0.6471857196436671,0.6784206252139925,0.6738849375830033,0.6869859573136906,0.7987293968800039,0.7736730310497223,0.7838515145601895,0.7091874922711572
0.7570587926817153,0.7569206534863037,0.7620063403464389,0.6379234949107366,0.8094735208782377,0.8028432527560101,0.6744170712257093,0.6041019601770418,0.5604963206191099,0.614724851790958,0.5588651089149551,0.6510295447563941,0.6658410614038055,0.6831337775167867,0.770389364643457,0.7043563847531301,0.7537063236062468,0.6334477458681537
0.6623304025672999,0.5910018217627396,0.6766660207218517,0.6366302419658124,0.7990827310631693,0.7950386954458187,0.5393548808442228,0.6309581113277262,0.563399214654227,0.5807746299840818,0.7005153326079144,0.6779231429293193,0.6984437372350484,0.6892542733739684,0.7928664243687601,0.7553831779869257,0.7876966489709664,0.5435612792751009
0.7852354741855471,0.7610325965533455,0.7868647870752152,0.5367824353471077,0.7954903993711588,0.7872289649548782,0.6096339334245471,0.5892413446288833,0.5391756534441717,0.6566038006923142,0.6980137803929071,0.6770532193701505,0.713379094550008,0.7460680884907313,0.8141394012666888,0.7991396766014206,0.7849926957485103,0.6821539469257449
0.773899043864542,0.7480002637764439,0.7654451502959471,0.5917517633927772,0.7909611053063363,0.8022942278022374,0.6510684411244795,0.5870677722765251,0.5896443321052213,0.6172524144991505,0.6535964278008789,0.6814647546730868,0.6676235110651024,0.7121816125279823,0.7811894121036967,0.7558931193616049,0.7698208338744842,0.6697792546540762
0.7559015479940556,0.7456503704956953,0.7517172050819029,0.6220680004510929,0.8254447765990441,0.8238699908541394,0.5953353557547826,0.5556568659110513,0.5497101267865663,0.635082119954991,0.7278570245669997,0.7208471031102714,0.6610315729774808,0.7372962565161828,0.6951564433835511,0.7288108609448999,0.7122071173759602,0.6648483586239431
0.7787691572963332,0.7928085289323997,0.7911376847751869,0.6292186850248959,0.8997426913927682,0.9132425401588241,0.7187626716309663,0.7148250830312249,0.5153313774846628,0.6192651253820194,0.5463413490741256,0.665425675578195,0.646792945657637,0.6980895633374075,0.7666801167614864,0.7481550887110942,0.7378142250008869,0.6353692941809467
0.7666231897045162,0.7590098855285113,0.7896009374234615,0.6850882320323232,0.9338658886564456,0.9450000978873079,0.8869712814979311,0.8875986761873369,0.7543756594923304,0.773416112261876,0.6657200918604221,0.740413266233405,0.6569763216909301,0.7413232103976962,0.801254752678218,0.7147046855203095,0.800002291770955,0.6729806161446706
0.5894074814801072,0.6161402142941009,0.5970909712402164,0.6137914324880636,0.9003848850967264,0.8935733125799645,0.6753173389839423,0.7268584730551142,0.6045629755693052,0.6752575579927017,0.6816515333638898,0.7205731390839608,0.6764716979927551,0.6799376796148984,0.7151314946390555,0.6386236795158787,0.7062948672776234,0.6373135883417033
0.6195876899240468,0.6232929342090902,0.6360127353051875,0.5708571622618747,0.7332966086078593,0.7120922353360015,0.650898739397712,0.6733692023612766,0.5909085864624656,0.6567559492475139,0.6655767732703617,0.6647083149923492,0.6880665042806493,0.7068076405099067,0.7349173583629288,0.7436088607054422,0.7514008424956956,0.6806221184340044
0.5626061190194905,0.6826290888375023,0.6836843461093948,0.6486702357694517,0.748847682317356,0.7811103223301287,0.6066737561252861,0.6930147364659957,0.5768944979084277,0.6687601974470162,0.6365280305037473,0.6939714325785943,0.6574935122749573,0.6980405776490127,0.784454845218714,0.7366919316729387,0.7722476565864373,0.6770156002398661
0.6621607428428307,0.6544466339773374,0.6818716654374466,0.6302854325556417,0.8104186241516494,0.7922214214216532,0.5673235865947811,0.6459474734709693,0.6325917432633831,0.6440568217450972,0.5334844311396748,0.6650489310372932,0.6442994251575334,0.654406386624293,0.8005416942903137,0.7635933547715962,0.7904466752380214,0.7001134724721406
0.6031902742728651,0.694250324369348,0.6908170787799884,0.5736025072538768,0.7333574481719932,0.7991959014553971,0.6502430533442363,0.6804871062670866,0.5710592196330758,0.6322565125027213,0.6658485786166141,0.7157317262256729,0.6747829995581235,0.7047665746346321,0.6973443226830667,0.7358578451399267,0.7390871177550516,0.6547115961259702
0.725430496017114,0.7258483655092393,0.750258159916556,0.5555526752634347,0.8250146669738797,0.8722004828622408,0.6270387492193366,0.6301914372728842,0.6373067213269128,0.6428093113426514,0.7003532213908942,0.7548868188593794,0.6858141955781294,0.7632523187018734,0.7885070508664321,0.7595543401901481,0.7734740385154563,0.6655940087749643
0.7540491086060359,0.7562060616008909,0.7682876832646793,0.6999661934907316,0.6135584603558987,0.6480685371158993,0.7971066761699318,0.798036613984756,0.7572795709628014,0.7060679651886018,0.6526586068174045,0.7234188729749502,0.6661600335194778,0.7232397428091554,0.7464032194000804,0.7176811970032474,0.6845997579716624,0.6575705150385263
0.7192329854561237,0.7028495293839073,0.7090146734860622,0.6428538453218092,0.6782580094611408,0.6344678582368547,0.7393786656876755,0.7471076829474376,0.6754176793759473,0.5655563372062692,0.6504451369089401,0.7067277811764034,0.6350769878693877,0.7024478096660713,0.7315946788880456,0.7363666711076927,0.7541748635423281,0.6687539938331885
0.6811082283101043,0.5741739437304082,0.6817338494811082,0.5862715506224939,0.8561373059967753,0.8632464923113705,0.5542379153436323,0.6249079224547023,0.6585672818720253,0.6622676665606008,0.6499461612176529,0.7435131171457932,0.6870022848756238,0.749512988740085,0.7817221860209127,0.7836706678589511,0.7894416220124542,0.6383991204359902
0.6897659919369813,0.6718043231651984,0.7154597400830859,0.6569458000577199,0.9134288759375985,0.9138419980123875,0.826737053100949,0.8271984221486374,0.7192555267466642,0.6890884719479443,0.6440250534396267,0.6870622365181195,0.6517536184625509,0.7006552947638144,0.810896053316259,0.8053549137028142,0.7985495614771462,0.7357032956453108
0.7229388328660158,0.7001215183709594,0.7168707334215507,0.6657316477340677,0.8541681920582377,0.8399993016266655,0.6606169415882559,0.7305475422574416,0.5719720784136786,0.6924089583920292,0.7017721007624639,0.737811045775635,0.6853103417645868,0.7428483326027718,0.7692908180002381,0.7316159032731718,0.7392356998410822,0.644287595434863
0.6091347526257674,0.6295302954747393,0.6297744285862094,0.6097785864938814,0.8025261269213106,0.8745271609231154,0.5872560851277743,0.6146345373829701,0.5800536231063709,0.6119910511373051,0.6973031873153216,0.736076863914879,0.6909598708379862,0.7472232332375413,0.7804967681306264,0.7647870153018497,0.7646334288348248,0.7143379796118392
0.5272870847158675,0.6683077834755592,0.6529250626000191,0.6071131878074635,0.8152752347510511,0.7997098424073069,0.6677767334598087,0.6680886646538795,0.5515196787527672,0.7146416409147585,0.717924177587656,0.7201706632876435,0.6908929399258342,0.7309220547525402,0.7910668354247353,0.7954839130131068,0.793538372497934,0.7055215872282353
0.6909062674800298,0.7177949880387412,0.7154385245024507,0.6264918008723573,0.888383610475477,0.8838181796503614,0.670579756408532,0.6927979260425414,0.5393207793191991,0.6360335753545376,0.602560932381648,0.7017100128515588,0.6465205536361274,0.7129598030508172,0.8063251524541263,0.7714298221533026,0.7783630339512487,0.7361100090791335
0.7657133683302536,0.7989107517961459,0.7940216407599673,0.7188873705119204,0.7248658287789852,0.5857837683860109,0.5543101052940093,0.5967247995668113,0.6277516428109543,0.5764791483314998,0.6585925749548606,0.7515562955174769,0.7250612389704769,0.7400414587419838,0.6841351101407337,0.7305049842690047,0.6987470103700529,0.6944553798224278
0.7478341098550078,0.7292767720452473,0.7615739320494717,0.6986645125880813,0.6803220779630003,0.7305651066414347,0.524176462870594,0.6194336647823588,0.5421406685945948,0.6100224456191271,0.6749221841101919,0.7282108248101794,0.679297590389151,0.7146525954398233,0.7286454045542347,0.7066174396877903,0.7188295746119611,0.6227165202204298
0.6602202132895593,0.664664324888112,0.6762094417955051,0.59396591397052,0.8475570011317339,0.8441659033249739,0.6523901704570538,0.658446659977192,0.5343833964828354,0.6485401482458949,0.6304712806930034,0.7057883553379365,0.6975083501265563,0.6766362034409722,0.7781603094044717,0.7712916681184802,0.7042286215570067,0.6896411144184782
0.7000051171520262,0.690860661094264,0.7022725159715612,0.6337033275912202,0.8365901150511338,0.8542698128324836,0.6775754787982948,0.6487905441443175,0.5423347912990263,0.644060094467989,0.6728419970024685,0.7499520032715606,0.7038798496682634,0.7496407229000726,0.7244173381970928,0.7446470052483741,0.7146519032992682,0.6881323539417984
0.7759099792247587,0.7654423953066298,0.7795093371690981,0.6789447677770224,0.8582343322398036,0.8661692362975678,0.6375968228348267,0.6654885154679115,0.5999668349303348,0.5905892798196838,0.6865662240866056,0.7766405257623069,0.7279126350701595,0.7650073698140569,0.8222264791730883,0.8100155723614778,0.8121638005034054,0.80215830435928
0.707582141728202,0.6892139737253405,0.7182265724945408,0.6562222602886493,0.8536920790641188,0.8388665785861592,0.7267692715210491,0.7036988597828797,0.5219364048956531,0.6543525443413795,0.6282659791805512,0.7094784189563111,0.6543230822676459,0.7059308945050798,0.6970306547271384,0.6872690410286606,0.7126554378012483,0.6298647520441096
0.6525871040175059,0.6578882235467399,0.6972014282744695,0.5642887675771359,0.5851114665877781,0.6111052873843018,0.5152782646551991,0.6354291990506771,0.5400221183796713,0.6480193967027206,0.6335167589612415,0.6841207317896787,0.6552855578154354,0.7030547799755195,0.7857870091737474,0.7599553246227977,0.7746650845617217,0.6596887058811679
0.7502211938114177,0.72910370488621,0.7343622901730281,0.7075221020898361,0.8675923889344851,0.8706900717843361,0.8104260479106236,0.7981336199407091,0.7348866809381187,0.7375906444684576,0.6126093297299543,0.71736568395348,0.711724071975112,0.7264643903259363,0.7506934708537244,0.7370793034258881,0.7353881205234271,0.6808479346355104
0.6123994836846691,0.7150016167561257,0.7208589895899374,0.6493640396888388,0.8146961856566501,0.8123693181708895,0.5053038711990369,0.6321792237807856,0.5023174636314488,0.5970760289537528,0.6655011244221771,0.7121199451116279,0.6019929461082949,0.6998143828080957,0.7886018362556134,0.7549542850528485,0.7614357666879309,0.7150062478625752
0.7340067779284634,0.7282112406019623,0.7421678754643559,0.6202135087256272,0.7143142623612153,0.5388221862845716,0.5957631921608937,0.6555514977449772,0.5795788966728648,0.6221479695679091,0.6509368365401791,0.7157315071821161,0.6469171489322959,0.7029310137107115,0.7195578810630545,0.6561951301469594,0.6696604876073105,0.6477398093204939
0.7715319587521834,0.7221858870754443,0.7906273639905811,0.7154151206141997,0.6734861132851471,0.5631399366659583,0.5461597793571183,0.5962092760659009,0.6109687769310411,0.6853923762550814,0.6596866309389917,0.7354111740710642,0.684429024002497,0.730151657533605,0.7417939328750363,0.7392116608832403,0.7561035039796437,0.6832421271461331
0.7107630926902923,0.7215460980410769,0.7454608575559759,0.6439226250983733,0.6363787194200202,0.7533184448305684,0.7045304248395338,0.7014364870066205,0.6298191874206616,0.6845736013155754,0.6183345039439009,0.6941915501376323,0.6314357212303539,0.6807014240732966,0.7187206571896271,0.7165005791029162,0.7066563294898325,0.6402282677771093
0.7169858238063679,0.7267585250945792,0.73908534956245,0.6353965426947478,0.7731098124413639,0.7806500870072896,0.6201044127222307,0.621813598647751,0.5496554801787131,0.6133814153776247,0.6488712574769925,0.7380273032645249,0.6726200270962779,0.7285110163839194,0.8041493531955721,0.7945029967167958,0.7779516940547365,0.6441660329509143
0.692340725975093,0.6561414993658482,0.7069462358422814,0.6417527817324039,0.5733352127244765,0.585021336039593,0.45999036526279546,0.6041363531932018,0.5619614092375217,0.6676369410398246,0.7036967694956484,0.7592263972314718,0.7377682958944201,0.7604067374167167,0.7312996858967785,0.6944275316873797,0.675234088645421,0.6809101625572836
0.6911628217600557,0.6812675354754932,0.6813235822714905,0.5959980598410484,0.909132585504632,0.9034611595484332,0.6103928453989458,0.6297113031910552,0.5882875581529213,0.6046362363829831,0.6269590859963002,0.7188491442736025,0.685312104632258,0.7284872684476763,0.726130995007881,0.6901552254531725,0.69643820017978,0.6568007700838322
0.5716010798740255,0.633818821059066,0.6726783432983957,0.6248647486079889,0.6953115090572902,0.7843011719765044,0.6015019327416261,0.6306379052118709,0.6120324744249953,0.6643767053335309,0.6733837275647335,0.7486806719186343,0.6707947295676622,0.7178436753023845,0.6964818417609754,0.6312201570734852,0.6726821733295569,0.6706470375521487
0.5351728022753832,0.6242544238414658,0.6496857572037289,0.5963798871724983,0.8649584481624434,0.8620712358908191,0.6504331424830574,0.6741136980485005,0.5852643715361152,0.6335104114236109,0.6792182565742441,0.7288245000547656,0.6251108637768473,0.7233998955430908,0.729929496557157,0.6874674238436992,0.6882258253935887,0.6150341530583493
0.6617527800425687,0.6628253017397534,0.6954029587376113,0.6654881729382581,0.6982223160941944,0.7632920685821417,0.6045803121331369,0.6397384098767015,0.48558969757547626,0.6136469944952445,0.7089028477556151,0.7686670778404517,0.6849733728213985,0.7639698082812872,0.7619591972629526,0.7458000499450392,0.7333991877330597,0.6318020372175576
0.6478306723173505,0.646066145978772,0.6793624380221264,0.6119623998215914,0.7966763280288421,0.8387141394931676,0.6114111664613384,0.6483067386660554,0.613744918292829,0.6312238202650241,0.6949824831245807,0.7547258121302401,0.6866591777453657,0.750458108021956,0.7445962769806923,0.7238045284277413,0.7346550912163455,0.5363878051676702
0.665109143860849,0.586669714701785,0.6539498564205406,0.6652296424708107,0.9145267260307098,0.9091451754367473,0.6119434757829887,0.6209768583661508,0.6013270022871031,0.5906158986017316,0.6456285994704439,0.7488654170752924,0.6727972794901161,0.7495324290545452,0.6532577645550983,0.6588452467847533,0.5875142325431798,0.599933589526822
0.7226341157629763,0.701887126265664,0.7124408837367396,0.6518374376927304,0.8619645257109313,0.8505841697868903,0.6073150698534371,0.6316036918350406,0.6143964227939279,0.6031451472670795,0.6700136127776202,0.7618588933556558,0.6950565370510239,0.7612737841880067,0.742060131039186,0.7644428934245434,0.7432788745671705,0.6992368250519925
0.5554703581638006,0.6348439419763122,0.6296067357712715,0.5737271064671682,0.7790089696899284,0.78385523489246,0.6471629114436879,0.6790518465273686,0.6325746769178281,0.5759365863802746,0.6547471630030479,0.7385213879966148,0.6894040282886179,0.7413086180986705,0.7201003275384439,0.6094084623065582,0.6601671069052415,0.6935956929942565
0.7011395528614304,0.6685383691408245,0.7229433461571514,0.6643211899331395,0.6601468332763055,0.6841775206518417,0.6416295057788565,0.571867242204065,0.5721104068895162,0.6298960285676177,0.6771461646430192,0.7000138524700478,0.637161704529817,0.7113164784229012,0.7084904436348766,0.7077305708030442,0.6814082602378025,0.6794189408437917
0.5124942137706997,0.6634452195889975,0.649775640116543,0.6355297302698019,0.8693210621379938,0.8418262324520523,0.6120252866601312,0.6426721027326492,0.6077897943757813,0.5786034960834309,0.6987460023869857,0.734626413218414,0.676322990923655,0.733565298662236,0.7783248447293412,0.7641736105795358,0.7556627461756881,0.6245272899347291
0.7439683961844308,0.728745968518845,0.7453297484793145,0.6890940122512496,0.8431040379987619,0.8484379451458531,0.7091010770544283,0.72311224629897,0.6558999911186715,0.6836530416805564,0.6704464194207072,0.7249076400531435,0.6003714001455438,0.7163708548382992,0.8099008069808059,0.7897952909111844,0.8068683507973221,0.7035442618688852
0.7294457422664157,0.693274632270186,0.7209960873466045,0.6616417303318339,0.8324005630463719,0.8051348842934661,0.6532541762845806,0.684001176692174,0.5046108779886936,0.6397600503171436,0.6572366819831013,0.7374398838519998,0.6867686715269562,0.7491809581784384,0.7421190735982445,0.6046967652747539,0.7186700610039697,0.6598286247548532
0.6756032638084627,0.6863119795421938,0.7242977944832271,0.6851183736703589,0.8861645510057771,0.8789994305226636,0.7387978495429541,0.7422825947425996,0.671558242446066,0.5851473662470503,0.6033682572073958,0.6923321164977113,0.6026834755411489,0.6941577157391853,0.7487661235388088,0.738212146740218,0.7614821955939047,0.6934665538147412
0.6581273258264954,0.7126682830530081,0.690632855260849,0.6221994494941616,0.6815173090132673,0.6745478607040628,0.5819208152585885,0.4914644920597054,0.5281014570756445,0.6808856365213135,0.6791862036380318,0.7439029286963001,0.6625470863190143,0.7561825001702407,0.668541333591691,0.5707838576294472,0.6786386376524248,0.6311092860557084
0.5116527810388448,0.6232447361080383,0.5903722546644242,0.6138679761385558,0.6044193467037217,0.5444929214517258,0.6859992995184832,0.6885846566792454,0.6678090342253903,0.6895445759972391,0.6353540571108512,0.7058282853411205,0.6288986467645711,0.6962807338660347,0.7106545785891498,0.6876785605413812,0.6941044458770683,0.6813014479268783
0.6559974896362964,0.6280428799683854,0.6652849919460507,0.6306627609474839,0.6617888792509365,0.6197046826903415,0.5445860277015834,0.5713962564405654,0.5904604397458616,0.6530468613219391,0.6893680553298717,0.7125241393802687,0.7046317373209866,0.7338822444383665,0.6688643630200802,0.6040717673908095,0.6368954341324905,0.5996880914451391
0.604363458714563,0.651073018090556,0.6445662943736372,0.5933398894587495,0.6861272717818759,0.6458204210149701,0.6151341143168522,0.6448285939488051,0.5150630239277435,0.6239994618250663,0.6464161697677714,0.7382479604935054,0.6969152786956118,0.7394461385305146,0.7464470459130826,0.7373872053805005,0.7005120810240505,0.6635613026483265
0.6946614327155545,0.6503600256310854,0.6631000838047628,0.5854725370828212,0.8549821874278414,0.8777163953648316,0.6356035457220034,0.6377396375729227,0.5348491213707737,0.6572896786122197,0.7106146165676256,0.7732445600786587,0.7114092260787855,0.7842327914794746,0.780161238314724,0.7793055582460576,0.7639656543799048,0.6870419383231517
0.6217981661385537,0.6688920315462942,0.6927225807866072,0.6283432496991453,0.6532832900624367,0.6955810183039067,0.6608743941465344,0.6397256933875782,0.49705923392509205,0.6255400324542479,0.7076477906429562,0.7675116353809489,0.6825244677620388,0.7676550242368236,0.719522249081832,0.7293079469963812,0.7046929205919173,0.6545951275155772
0.6936642479549047,0.6459515930921959,0.7111343510538862,0.5772618515230267,0.6302551012701487,0.6268246518649563,0.6129139037499026,0.5116073493950223,0.5373896936204706,0.607878805577628,0.7155717604865557,0.8007762884382533,0.71800311664198,0.801718677393386,0.6701094897632416,0.670125411010571,0.6986943752847569,0.6090953719014361
